{"cameraMode":{"drawMode":0,"name":"Shaded","section":"Shading Mode"},"sceneLighting":false,"audioPlay":false,"sceneViewState":{"showFog":true,"showMaterialUpdate":false,"showSkybox":true,"showFlares":true,"showImageEffects":true,"showParticleSystems":true},"in2DMode":false,"pivot":{"x":-3.3450610637664797,"y":2.346656322479248,"z":0.79621422290802},"rotation":{"x":0.323334276676178,"y":-0.1443149298429489,"z":0.049972351640462878,"w":0.933879554271698},"size":15.6578369140625,"orthographic":false}